artist_name,count
dawn richard,1
rania,1
necro,1
enuff z'nuff,1
de leve,1
kim wilde,1
chris webby,1
eyedea,1
primo,1
homeboy sandman,1
angel witch,1
504 boyz,1
tom paxton,1
master p,1
dolla,1
kc & the sunshine band,1
midge ure,1
ian & sylvia,1
the dubliners,1
d.o.c.,1
sektion kuchikäschtli,1
the chambers brothers,1
the strangeloves,1
the flying lizards,1
the blues magoos,1
moving pictures,1
buffy sainte-marie,1
jane wiedlin,1
maria koterbska,1
the blue nile,1
paul young,1
mantovani,1
henry paul band,1
wreckless eric,1
madness,1
raydio,1
kaleidoscope,1
nicolette larson,1
the incredible string band,1
rex smith,1
marc almond,1
a.r. kane,1
shawn colvin,1
tony dallara,1
randy vanwarmer,1
113,1
triumph,1
jody watley,1
billy woods,1
the chills,1
norman greenbaum,1
feargal sharkey,1
r.a. the rugged man,1
statik selektah,1
big audio dynamite,1
the housemartins,1
golden earring,1
boris gardiner,1
goldlink,1
terence trent d'arby,1
abhi the nomad,1
paul kelly,1
anirudh ravichander,1
frank stallone,1
exposé,1
hoodoo gurus,1
dimples d.,1
living in a box,1
walter egan,1
julian cope,1
doug e. fresh,1
joe budden,1
guadalcanal diary,1
styles p,1
kwest tha madd lad,1
the go-betweens,1
burton cummings,1
firehose,1
the clean,1
southside johnny and the asbury jukes,1
tuff crew,1
kalash,1
klaatu,1
restiform bodies,1
sandra,1
armand hammer,1
cutting crew,1
john sebastian,1
johnny clegg,1
no mercy,1
the amboy dukes,1
radioinactive,1
dead or alive,1
the stills-young band,1
the bats,1
mime 871,1
the cross movement,1
shocking blue,1
big country,1
the boo radleys,1
england dan,1
mother's finest,1
ira ironstrings,1
bleubird,1
paul stanley,1
beat happening,1
sweetwater,1
climie fisher,1
wild cherry,1
ace frehley,1
ultimate spinach,1
blahzay blahzay,1
felt,1
martika,1
taylor dayne,1
lords of the underground,1
generation x,1
999,1
robert john,1
sue thompson,1
stampeders,1
kxng crooked,1
kaveli,1
when in rome,1
eden ahbez,1
ian gomm,1
yazz,1
freeway,1
aspects,1
boy meets girl,1
angela bofill,1
rodríguez,1
sam brown,1
go west,1
si zentner,1
metal carter,1
the primitives,1
mavis staples,1
jason donovan,1
zona ganjah,1
da youngsta's,1
soul asylum,1
young dro,1
serani,1
buffalo tom,1
gentleman's dub club,1
chapter 11,1
curren$y,1
vandal,1
bubaseta,1
grandmaster flash,1
ultramagnetic mc's,1
michael prophet,1
yordano,1
black$tar,1
big boi,1
kid frost,1
shawnna,1
ali campbell,1
pepe aguilar,1
c-murder,1
grin department,1
freestyle,1
babes in toyland ,1
sheck wes,1
shah rule,1
ras kass,1
black sheep,1
ms. jade,1
riddim,1
kirko bangz,1
daniel johnston,1
m people,1
skillinjah,1
ned's atomic dustbin,1
spawnbreezie,1
ebenezer,1
moneybagg yo,1
alberto vazquez,1
6lack,1
frank ifield,1
soul majestic,1
彭家麗,1
ease up,1
dj quik,1
throwing muses,1
pale saints,1
showbiz & a.g.,1
tessanne chin,1
sig ragga,1
tori amos,1
gappy ranks,1
"nas & damian ""jr. gong"" marley",1
josh heinrichs,1
smino,1
barefoot truth,1
kelly rowland,1
the skints,1
liva weel,1
staylefish,1
dave east,1
the elgins,1
dilated peoples,1
the left banke,1
tyron blackshit,1
ace hood,1
flipmode squad,1
sebadoh,1
digga d,1
diego roots,1
prodigy,1
rob base & dj ez rock,1
afroman,1
run–d.m.c.,1
delinquent habits,1
betty everett,1
big k.r.i.t.,1
la secta allstar,1
brick & lace,1
the tokens,1
seaweed,1
frank black,1
archers of loaf,1
the four aces,1
b.o.b,1
bag of toys,1
jaydayoungan,1
fantan mojah,1
clipse,1
dj muggs,1
cassidy,1
the queers,1
oscar lee,1
poor righteous teachers,1
fu-schnickens,1
tasmin archer,1
channel live,1
memphis bleek,1
chanté moore,1
giorgos papadopoulos,1
natural incense,1
akinyele,1
schoolly d,1
tone-loc,1
fidel nadal,1
alaine,1
mc hammer,1
shakespears sister,1
pérez prado,1
pressure,1
rick price,1
duane stephenson,1
ranking dread,1
swirlies,1
toko tasi,1
kim carnes,1
da lench mob,1
tami chynn,1
funkdoobiest,1
kool g rap,1
queen latifah,1
hustle gang,1
rapsody,1
8ball,1
groovie ghoulies,1
rorystonelove,1
ride,1
fumez the engineer,1
three houses down,1
the bennies,1
mf doom,1
yung lean,1
murs,1
mc duke,1
soom t,1
foresta,1
tribal theory,1
skarra mucci,1
derek b,1
jacques of s't'a,1
buczer,1
keith sweat,1
pj sin suela,1
k kutta,1
sir collins,1
nnamdi ogbonnaya,1
the expanders,1
quebonafide,1
new kingston,1
mar haze,1
kiko bun,1
girlschool,1
matt monro,1
fredo,1
pradeep kumar,1
wilson phillips,1
željko bebek,1
alannah myles,1
clemens,1
del the funky homosapien,1
main one,1
ndee naldinho,1
the big bopper,1
marty wilde,1
helen shapiro,1
the church,1
o.g.c.,1
grand puba,1
j-live,1
i-octane,1
marčelo,1
дэфолиант,1
evil ebenezer,1
walshy fire,1
sensi trails,1
norrie paramor,1
ricardo montaner,1
roots of creation,1
young monks,1
rahn harper,1
jo mersa marley,1
greyhound,1
world party,1
the cyrkle,1
chxpo,1
pete yorn,1
jah9,1
jah sun,1
killy,1
talat mahmood,1
jon wayne and the pain,1
boogie,1
marlon asher,1
dreezy,1
geto boys,1
teenage fanclub,1
safety orange,1
d.ace,1
jazz cartier,1
gza,1
big kuntry king,1
wifisfuneral,1
shonlock,1
reo cragun,1
crash test dummies,1
trillville,1
tomorrow people,1
kevin downswell,1
jermaine edwards,1
group home,1
school of fish,1
cali p,1
planta e raiz,1
desiigner,1
the treacherous three,1
mint condition,1
alma cogan,1
lupe fiasco,1
d4l,1
pudgee tha phat bastard,1
the late ones,1
jonah jones,1
salmonella dub,1
malik turner,1
mystic roots,1
the field mice,1
peach fur,1
kameleba,1
naâman,1
pro,1
bugle,1
jt money,1
sleeq,1
st,1
sol seed,1
electronic,1
audio two,1
los hermanos arriagada,1
terror squad,1
sven-bertil taube,1
dead obies,1
resinated,1
boom boom vibration,1
zontanoi nekroi,1
dead prez,1
airplay,1
santo & johnny,1
weathers,1
kaleo,1
cemetery sun,1
palace,1
mattafix,1
kutless,1
turbonegro,1
lewis del mar,1
pillar,1
hala,1
two feet,1
strawbs,1
he is we,1
velvet revolver,1
emery,1
harpers bizarre,1
magic giant,1
lp,1
nothing but thieves,1
vhs collection,1
dr. dog,1
sleeping wolf,1
swimming tapes,1
mud flow,1
temporex,1
bryce fox,1
coin,1
motion city soundtrack,1
bright eyes,1
thirteen senses,1
we are messengers,1
frankie cosmos,1
banners,1
alexisonfire,1
buckcherry,1
sundara karma,1
the frights,1
loving,1
plumb,1
albert hammond,1
judah & the lion,1
too close to touch,1
snail mail,1
ra ra riot,1
the brady bunch,1
car seat headrest,1
smile empty soul,1
seafret,1
morgan delt,1
sonny bono,1
brent cobb,1
the sword,1
big star,1
priestess,1
aqualung,1
rehab,1
kid bloom,1
john frusciante,1
phil oakey,1
jet,1
los bravos,1
twin shadow,1
einstein,1
the original squad,1
chris biscuit,1
the sandpipers,1
penguin cafe orchestra,1
graham parker & the rumour,1
drowning pool,1
ill niño,1
papa m,1
x-ray spex,1
frank t,1
tim hughes,1
steve harley,1
david pomeranz,1
yndio,1
mogwai,1
flaw,1
the specials,1
twiztid,1
nicole c. mullen,1
fernando ortega,1
primer 55,1
dr. dre,1
suicide,1
bodyjar,1
still woozy,1
circa waves,1
cub sport,1
jim stafford,1
electric six,1
soccer mommy,1
mark schultz,1
dreamers,1
zayde wølf,1
crispian st. peters,1
flor,1
the sounds,1
billy swan,1
the osmonds,1
celldweller,1
josh wilson,1
the union underground,1
manic street preachers,1
chester bennington,1
hammerfall,1
i am they,1
the knocks,1
jakob ogawa,1
unspoken,1
ugly casanova,1
slenderbodies,1
railroad earth,1
david essex,1
big daddy weave,1
porcupine tree,1
coleman hell,1
the revivalists,1
ariel rivera,1
magic city hippies,1
st. lucia,1
bear hands,1
the menzingers,1
elle king,1
toe,1
the veer union,1
marmalade,1
rac,1
angel olsen,1
katy mcallister,1
the rascals,1
the orwells,1
inner wave,1
bobaflex,1
lecrae,1
we as human,1
bayside,1
the airborne toxic event,1
emphatic,1
youth lagoon,1
jacuzzi boys,1
memphis may fire,1
blue stahli,1
together pangea,1
triste janero,1
the war on drugs,1
jamie grace,1
green river ordinance,1
vacationer,1
alvvays,1
nine lashes,1
connan mockasin,1
royal tailor,1
demon hunter,1
tommy boyce,1
gentlemen hall,1
wavves,1
joe south,1
chvrches,1
strfkr,1
the lemon pipers,1
small black,1
ohio express,1
jackie deshannon,1
the walkmen,1
sin shake sin,1
colony house,1
otherwise,1
modern baseball,1
amber run,1
citizen way,1
young guns,1
chef'special,1
wild nothing,1
gavin rossdale,1
message to bears,1
mkto,1
the move,1
surf curse,1
gungor,1
the mowgli's,1
mutemath,1
red fang,1
lindisfarne,1
the garden,1
the brobecks,1
decyfer down,1
the fortunes,1
like a storm,1
hollyn,1
jordan feliz,1
red sun rising,1
homeshake,1
david byrne,1
bill callahan,1
tommy james,1
blood red shoes,1
jukebox the ghost,1
the getaway plan,1
joywave,1
the real mckenzies,1
"hamilton, joe frank & reynolds",1
moses gunn collective,1
we are scientists,1
the hives,1
jonny diaz,1
the maccabees,1
crash kings,1
the gaslight anthem,1
marianas trench,1
the letter black,1
the jompson brothers,1
like moths to flames,1
sports,1
natalie grant,1
vanity fare,1
lulu,1
the electric prunes,1
harlem,1
brandon flowers,1
civil twilight,1
neon indian,1
one ok rock,1
audrey assad,1
manchester orchestra,1
bobby bloom,1
mark lindsay,1
the buckinghams,1
disciple,1
andrew peterson,1
enjoy,1
we were promised jetpacks,1
blackberry smoke,1
alive 'n kickin',1
washed out,1
david crowder band,1
the temper trap,1
payo malo,1
fill black,1
eisvoleas,1
w.a.s.p.,1
patty smyth,1
diaz,1
more,1
damos,1
gli inquilini,1
robin ward,1
candlemass,1
the dead milkmen,1
stan bush,1
stezo,1
shriekback,1
cor veleno,1
rob base,1
pato pooh,1
piotta,1
tungtvann,1
marillion,1
prop dylan,1
ceschi,1
melody's echo chamber,1
skinny puppy,1
lion,1
vince guaraldi,1
real life,1
razastarr,1
gowan,1
trainspotters,1
honeymoon suite,1
diafrix,1
sister fa,1
britny fox,1
funkmaster flex,1
the ronettes,1
tyree cooper,1
lita ford,1
helloween,1
don mclean,1
thundamentals,1
makoto matsushita,1
vinnie vincent invasion,1
david lee roth,1
bulletboys,1
oddisee,1
kingdom come,1
yngwie malmsteen,1
the trashmen,1
fun boy three,1
frida,1
bill medley,1
glenn medeiros,1
dj laz,1
don bigg,1
haircut 100,1
jonathan richman,1
europe,1
the vandals,1
john waite,1
kid vishis,1
kim mitchell,1
christine mcvie,1
chilliwack,1
to paidi thavma,1
anvil,1
dj nel'assassin,1
ali & gipp,1
the time,1
gino vannelli,1
marty balin,1
a filial,1
sad lovers & giants,1
limahl,1
tekilla,1
lex luthorz,1
steve lawrence,1
split enz,1
the alarm,1
afu-ra,1
michael schenker group,1
a$ap mob,1
robbie dupree,1
scritti politti,1
xzibit,1
najat al saghira,1
a.k.r.a.,1
miami sound machine,1
arcadia,1
lloyd cole and the commotions,1
apogonoi tou omirou,1
red cafe,1
rza,1
billy fury,1
marine girls,1
tommy shaw,1
timothy b. schmit,1
demis roussos,1
agnetha fältskog,1
metal church,1
masaki matsubara,1
baron samedi,1
accept,1
diamond d,1
the romantics,1
kool keith,1
zebra,1
abstract artform,1
red rockers,1
capone-n-noreaga,1
blancmange,1
salma agha,1
proof,1
turi,1
jennifer lara,1
heather victoria,1
aldo nova,1
christian death,1
matt bianco,1
vandenberg,1
heaven 17,1
slaughter,1
obie trice,1
hata proof records presents mr nava,1
mental as anything,1
screaming trees,1
the knickerbockers,1
dorothy ashby,1
jars of clay,1
umut ertek,1
monster magnet,1
ian hunter,1
dany dan,1
the monochrome set,1
prong,1
erick sermon,1
stabbing westward,1
the boomtown rats,1
the undertones,1
neanderthal youth,1
the raincoats,1
off broadway,1
karla bonoff,1
the reverend horton heat,1
porno for pyros,1
terror fabulous,1
sleep,1
hell razah,1
heather b,1
chico science,1
clutch,1
opeth,1
gravity kills,1
michael johnson,1
lil cuete,1
la fossa,1
rita coolidge,1
supergrass,1
mood ruff,1
deadsy,1
mushroomhead,1
chef ragoo,1
s. p. balasubrahmanyam,1
acid king,1
hot chocolate,1
orgy,1
melissa manchester,1
blind guardian,1
marianne faithfull,1
inoj,1
the korgis,1
jona lewie,1
the motors,1
x-team,1
the mighty mighty bosstones,1
nick cave & the bad seeds,1
avalon,1
lil rob,1
sabotaje mexica,1
great big sea,1
l.e.g.a.c.y.,1
quicksand,1
damn yankees,1
stiv bators,1
steven curtis chapman,1
mother love bone,1
juan gabriel,1
altered images,1
the db's,1
trip lee,1
mondo rock,1
newcleus,1
the durutti column,1
thunder,1
super sonic,1
illvibe,1
girls at our best!,1
the cookies,1
keith green,1
'til tuesday,1
josé josé,1
classified,1
kai winding,1
giant,1
danger danger,1
trini lopez,1
sen kumpa,1
african underground,1
shiffai,1
mark slaughter,1
bad english,1
grandmaster flash & the furious five,1
obituary,1
biohazard,1
cormega,1
pastor troy,1
planet asia & peanut butter wolf,1
dexys midnight runners,1
sentino,1
house of pain,1
tormento,1
? & the mysterians,1
zion i,1
steelheart,1
jht,1
pudgee,1
remy ma,1
the blasters,1
johnny van zant,1
saxon,1
mr. big,1
wayne fontana & the mindbenders,1
visage,1
eric burdon & the animals,1
monica zetterlund,1
george lam,1
gwar,1
seth gueko,1
steve vai,1
extreme,1
hmd,1
heather nova,1
gretchen wilson,1
steven & coconuttreez,1
la keisha,1
marc e. bassy,1
twice,1
the muggs,1
skizzy mars,1
roy woods,1
allie x,1
little arthur duncan,1
billy boy arnold,1
oli brown,1
peggy scott-adams,1
carly rae jepsen,1
the flying eyes,1
deorro,1
san holo,1
ana popovic,1
terry wright,1
indigenous,1
jackie neal,1
lil dicky,1
geeshie wiley,1
miia,1
hayden james,1
duke dumont,1
bobby rush,1
atomic rooster,1
lany,1
sheppard,1
the atomic bitchwax,1
willow,1
chicken shack,1
ash grunwald,1
merl saunders,1
archie bronson outfit,1
patti drew,1
mike stud,1
brother dege,1
eden brent,1
charlie gracie,1
king khan and the shrines,1
aronchupa,1
rixton,1
clean bandit,1
the heavy eyes,1
alex & sierra,1
charles brown,1
james bay,1
schoolboy q,1
belly,1
the go,1
azealia banks,1
jessie ware,1
paloma faith,1
keef hartley band,1
revolver cannabis,1
greenleaf,1
bo carter,1
john the conqueror,1
adam levine,1
meghan trainor,1
misterwives,1
fetty wap,1
buddy whittington,1
action bronson,1
valley of the sun,1
james leg,1
trevor hall,1
linda jones,1
the harptones,1
klass band brotherhood,1
donnie ray,1
7horse,1
fatoumata diawara,1
seven lions,1
beans & fatback,1
the open mind,1
floyd taylor,1
rupaul,1
robert belfour,1
five horse johnson,1
martin garrix,1
the spaceshits,1
lukas graham,1
the earls,1
gino washington,1
spooky tooth,1
whethan,1
reigning sound,1
dnce,1
mark selby,1
methrone,1
legado 7,1
toni romiti,1
timeflies,1
grupo maximo grado,1
stan mosley,1
sabrina carpenter,1
astrid s,1
niykee heaton,1
lester davenport,1
otis clay,1
johnny maestro,1
cookie & the cupcakes,1
carey bell,1
tinsley ellis,1
slim gaillard,1
the nutmegs,1
charli xcx,1
jimmy mccracklin,1
james tw,1
popa chubby,1
major lance,1
duke robillard,1
kentucky thunder,1
gryffin,1
jessie hill,1
the orioles,1
richard hell,1
albert cummings,1
birdtalker,1
the hunches,1
lost sounds,1
pyeng threadgill,1
madeintyo,1
lizzo,1
lebrado,1
solange,1
reggie p,1
jimmy clanton,1
bobby freeman,1
quinn xcii,1
furry lewis,1
danny bryant's redeyeband,1
jace everett,1
the mooney suzuki,1
johnny temple,1
eric bibb,1
glen glenn,1
alvin lee,1
roscoe holcomb,1
the heartbeats,1
ab-soul,1
dodie,1
twenty88,1
buddy johnson,1
holly golightly,1
doyle bramhall,1
nick moss & the flip tops,1
bob log iii,1
brent faiyaz,1
carl sims,1
ookay,1
mr. airplane man,1
travis atreo,1
josefus,1
louis jordan,1
the civil wars,1
alexandra stan,1
the oh hellos,1
max roach,1
michel legrand,1
jessie j,1
freddie roach,1
flatsound,1
billy strayhorn,1
simon curtis,1
birdy,1
jesse & joy,1
charles mingus,1
andrew hill,1
mongo santamaria,1
jai paul,1
rudy vallee,1
selena gomez & the scene,1
dexter gordon,1
lauren aquilina,1
tina brooks,1
youngblood hawke,1
teddy wilson,1
pierce the veil,1
j boog,1
red garland,1
neck deep,1
madilyn bailey,1
olivia holt,1
brad knauber,1
milo greene,1
tennis,1
kenny drew,1
oliver nelson,1
stanley turrentine,1
eric dolphy,1
breathe carolina,1
mike posner,1
danny brown,1
jamie foxx,1
prince royce,1
bill le sage,1
passenger,1
gary bartz ntu troop,1
kevin rudolf,1
ornette coleman,1
alice coltrane,1
the downtown fiction,1
craft spells,1
nektar,1
lcd soundsystem,1
beta radio,1
horace silver,1
black veil brides,1
jay sean,1
boys like girls,1
reel big fish,1
sadao watanabe,1
get scared,1
victorious cast,1
dom kennedy,1
joe cuba sextet,1
charlie palmieri,1
forever the sickest kids,1
pete rodriguez,1
the don ellis orchestra,1
travis barker,1
gábor szabó,1
lykke li,1
elvin jones,1
terry callier,1
blind pilot,1
benjamin francis leftwich,1
sleeping at last,1
tune-yards,1
travis porter,1
lord huron,1
vinyl theatre,1
walter wolfman washington,1
band of rascals,1
big yayo,1
sonny rhodes,1
anthony gomes,1
lindsey stirling,1
blackbird hill,1
lj echols,1
cedric burnside,1
bud powell,1
the dictators,1
ndidi o,1
frankie lymon & the teenagers,1
aurora,1
joe louis walker,1
eric gales,1
curtis salgado,1
ronnie earl,1
majid jordan,1
albert castiglia,1
sanna nielsen,1
scott h. biram,1
andy frasco & the u.n.,1
ruthie foster,1
"bernard ""pretty"" purdie",1
linsey alexander,1
ella henderson,1
magic man,1
the yawpers,1
debbie davies,1
omar cunningham,1
the london souls,1
tyree neal,1
wild cub,1
the detroit cobras,1
gary hoey,1
southern avenue,1
mitski,1
miles davis quartet,1
foxygen,1
the paper kites,1
johnnyswim,1
ben webster,1
chastity belt,1
tryhardninja,1
our last night,1
rhye,1
atlas genius,1
juicy j,1
the dave brubeck quartet,1
julia sheer,1
santigold,1
clifford brown,1
pomplamoose,1
grimes,1
emeli sandé,1
roy haynes,1
sonreal,1
steve aoki,1
fitz and the tantrums,1
dustin tebbutt,1
shy glizzy,1
danny gokey,1
ray noble,1
stan kenton,1
woodkid,1
new politics,1
natalia kills,1
rittz,1
tom odell,1
gerry mulligan quartet,1
zendaya,1
partynextdoor,1
tony scott,1
buck clayton,1
illenium,1
phora,1
billy cobham,1
chase bryant,1
bill anderson,1
sammi smith,1
mbest11x,1
charles kelley,1
murphy elmore,1
taylor acorn,1
ty march.,1
overtime,1
raelynn,1
shotgun rider,1
drake white,1
mindy mccready,1
the martins,1
david kersh,1
adam sanders,1
the band steele,1
roy clark,1
a thousand horses,1
c.w. mccall,1
cam,1
allison moorer,1
garth brooks,1
jon langston,1
charlie robison,1
david fanning,1
gord bamford,1
phosphorescent,1
wade hayes,1
donna taggart,1
richard buckner,1
dustin lynch,1
jawga sparxxx,1
micky & the motorcars,1
frankie ballard,1
old & in the way,1
mcbride & the ride,1
dirt rock empire,1
american aquarium,1
tucker beathard,1
brandon lay,1
brandon ratcliff,1
locash,1
caylee hammack,1
muscadine bloodline,1
ray fulcher,1
mitch rossell,1
christie huff,1
skitz kraven,1
jordan rager,1
cold creek county,1
danielle bradbery,1
blanco brown,1
adam hambrick,1
seaforth,1
mason ramsey,1
levi hummon,1
morgan wallen,1
mitchell tenpenny,1
lewis brice,1
mike ryan,1
michael ray,1
jameson rodgers,1
jordan davis,1
robbie fulks,1
katie noel,1
buddy brown,1
morgan evans,1
cale dodds,1
demun jones,1
jimmy wakely,1
eric ethridge,1
chris lane,1
colter wall,1
ashley monroe,1
eddy raven,1
worm,1
john king,1
josh ritter,1
john phillips,1
john d. hale band,1
slaid cleaves,1
no justice,1
mike bowling,1
steve holy,1
mickey newbury,1
the crabb family,1
jeff carson,1
kingspade,1
eilen jewell,1
the warren brothers,1
laura bell bundy,1
jake hess,1
gordon mote,1
jeffrey foucault,1
honeybrowne,1
brandon jenkins,1
buddy jewell,1
darrell scott,1
the grass roots,1
dave alvin,1
calexico,1
jim white,1
julie roberts,1
mark collie,1
the handsome family,1
the talleys,1
jack greene,1
ferlin husky,1
hawkshaw hawkins,1
lynda randle,1
tommy mcclennan,1
roger alan wade,1
trick pony,1
hellbound glory,1
chatham county line,1
moccasin creek,1
the collingsworth family,1
greater vision,1
jerrod niemann,1
bill monroe,1
steel magnolia,1
jawga boyz,1
damien jurado,1
thieving birds,1
bottleneck,1
jim ford,1
sarah jarosz,1
sherrié austin,1
cal smith,1
middle brother,1
jb and the moonshine band,1
barbara fairchild,1
scuzz twittly,1
luke kaufman,1
billy gilman,1
jason michael carroll,1
doc watson,1
blitzen trapper,1
matt mason,1
kellie pickler,1
cooder graw,1
ryan beaver,1
the felice brothers,1
hayes carll,1
bomshel,1
bill gaither,1
big scoob,1
dawes,1
jeanne pruett,1
faron young,1
the band of heathens,1
dean brody,1
sam grow,1
lil nas x,1
larry davis,1
lanco,1
fenton robinson,1
finneas,1
joyner lucas,1
notd,1
88rising,1
megan thee stallion,1
gianni & kyle,1
kids see ghosts,1
alesso,1
kevin coyne,1
pewdiepie,1
ayokay,1
girl in red,1
mick fleetwood,1
rabbit muse,1
quavo,1
clairo,1
"johnny ""guitar"" watson",1
runaway june,1
luther johnson,1
bang,1
the belmonts,1
big walter horton,1
johnny cooper,1
marah,1
jack & jack,1
ali gatie,1
meduza,1
mabel,1
why don't we,1
dreamville,1
dave bartholomew,1
labrinth,1
naomi scott,1
millie jackson,1
rico nasty,1
au/ra,1
dick curless,1
the vaughan brothers,1
adam gussow,1
joe liggins,1
little milton,1
maggie lindemann,1
david peaston,1
rex orange county,1
william clarke,1
earl hooker,1
surfaces,1
the jive five,1
dennis lloyd,1
sza,1
clyde mcphatter,1
jhene aiko,1
kenny neal,1
davido,1
jessie reyez,1
chelsea cutler,1
jp cooper,1
helen humes,1
tinashe,1
latimore,1
the fleshtones,1
seeb,1
jid,1
julia michaels,1
mike bloomfield,1
kina grannis,1
jay rock,1
olivia o'brien,1
the blues band,1
nathan abshire,1
zara larsson,1
ansel elgort,1
snooky pryor,1
the browns,1
flower travellin' band,1
dylan scott,1
jimmy witherspoon,1
junior brown,1
kelly willis,1
"eddie ""cleanhead"" vinson",1
the silhouettes,1
kevin welch,1
ernest ashworth,1
memphis minnie,1
paddy reilly,1
the olympics,1
larry williams,1
roger mcguinn,1
floyd tillman,1
sir douglas quintet,1
ken mellons,1
speckled red,1
buster brown,1
shawn camp,1
joe dolan,1
ray stevens,1
fred eaglesmith,1
jackson michelson,1
john gurney,1
piney brown,1
buddy miller,1
t. graham brown,1
chely wright,1
lizzie miles,1
bob wills & his texas playboys,1
lari white,1
paul overstreet,1
doug supernaw,1
mickey & sylvia,1
carlene carter,1
blue rodeo,1
bash & pop,1
the rankin family,1
garnet mimms & the enchanters,1
the detroit emeralds,1
arthur conley,1
moe bandy,1
the electric flag,1
merle haggard & the strangers,1
cowboy,1
dan penn,1
doug sahm,1
black oak arkansas,1
david crosby,1
slim dusty,1
commander cody and his lost planet airmen,1
sir lord baltimore,1
ramblin' jack elliott,1
grandpa jones,1
the jordanaires,1
jeannie seely,1
little jimmy dickens,1
blue cheer,1
green on red,1
deborah allen,1
michael peterson,1
the turbans,1
alexis korner's blues incorporated,1
ronnie mcdowell,1
sweethearts of the rodeo,1
baby washington,1
duane eddy,1
"huey ""piano"" smith",1
boxcar willie,1
van zant,1
gary p. nunn,1
the florida boys,1
paul jones,1
keith relf,1
nrbq,1
mink deville,1
jon lucien,1
ismael rivera y sus cachimbos,1
mad cobra,1
charlotte dos santos,1
seamus blake,1
ezra collective,1
jaared,1
lando chill,1
roberto musci,1
awon,1
kiefer,1
steve kuhn,1
magnus lindgren,1
thursday,1
disperse,1
minthaze,1
the microphones,1
josé james,1
el michels affair,1
jon batiste,1
catherine russell,1
annella,1
anomaly,1
don philippe,1
nivea,1
el gran combo de puerto rico,1
villain park,1
degiheugi,1
abul mogard,1
the rosenberg trio,1
gabrielle,1
dramadigs,1
sly5thave,1
hidden spheres,1
pete josef,1
smokey joe & the kid,1
michelle branch,1
maple syrup,1
suff daddy,1
terence blanchard,1
bill charlap trio,1
mocky,1
john surman,1
walt weiskopf,1
nestor torres,1
emapea,1
dj grumble,1
joey alexander,1
drwn.,1
ol' burger beats,1
klim,1
jitwam,1
ajmw,1
moose dawa,1
dirty loops,1
cyrille aimee,1
nicki parrott,1
juju rogers,1
reel people,1
masayoshi takanaka,1
riley richard,1
braxton cook,1
wolfgang lohr,1
oofoe,1
danny black,1
stroke 9,1
rudemanners,1
children of zeus,1
musicmusicmusic,1
sons of kemet,1
melodiesinfonie,1
jazzotron,1
pisk,1
r+r=now,1
abstract orchestra,1
ardhito pramono,1
sam gendel,1
owane,1
the souljazz orchestra,1
a*teens,1
mujo,1
alice francis,1
jazz spastiks,1
the shaolin afronauts,1
gabin,1
electronic swing orchestra,1
phantom planet,1
jonathan fritzén,1
maucoli,1
jeff loomis,1
fort knox five,1
nina,1
ronan keating,1
aventura,1
mr.b the gentleman rhymer,1
peter appleyard,1
dojo cuts,1
the 49ers,1
beyond creation,1
fredrik kronkvist,1
algorythmik,1
wildcookie,1
nikki yanofsky,1
starland vocal band,1
gretchen parlato,1
robbie williams,1
second date,1
sound nomaden,1
kool&klean,1
ry cooder & v.m. bhatt,1
ibrahim maalouf,1
jehro,1
cindy bradley,1
adani & wolf,1
terrace martin,1
helen kane,1
bebo best,1
cachao,1
mirah,1
remy zero,1
horst jankowski and his studio orchestra,1
matthew halsall,1
damu the fudgemunk,1
shaun escoffery,1
toco,1
sparklehorse,1
william basinski,1
curtis stigers,1
brian blade & the fellowship band,1
ben kweller,1
takuya kuroda,1
nubiyan twist,1
slowy,1
butcher brown,1
kalabrese,1
james tillman,1
zaz,1
anti-lilly & phoniks,1
buttering trio,1
sungazer,1
dj harrison,1
field mob,1
intronaut,1
polkadot cadaver,1
something corporate,1
finch,1
hot water music,1
parov stelar trio,1
skeewiff,1
jon kennedy,1
jan lundgren trio,1
christian mcbride,1
scale the summit,1
jonathan kreisberg,1
alice russell,1
dj cam quartet,1
devaloop,1
ødyssee,1
paul motian,1
richie stephens,1
têtes raides,1
goldfinger,1
112,1
the cardigans,1
tonic,1
republica,1
herbs,1
ballyhoo,1
cham,1
the wallflowers,1
tony curtis,1
mad lion,1
general levy,1
dave collins,1
sammy dread,1
millencolin,1
mutabaruka,1
lighthouse family,1
wayne toups,1
hanson,1
sleater-kinney,1
george baker selection,1
smash mouth,1
ludwig von 88,1
edwin mccain,1
the meditations,1
cultural roots,1
king general,1
the jamaicans,1
ijahman levi,1
harvey danger,1
the bassies,1
rita marley,1
jahmel,1
roots radics,1
jennifer love hewitt,1
superdrag,1
paul & paula,1
k. s. chithra,1
errol dunkley,1
tlc,1
parokya ni edgar,1
batch,1
lloyd brown,1
unity pacific,1
medicine,1
kora,1
the shangri-las,1
holy piby,1
antidoping,1
fly my pretties,1
joe dukie & dj fitchie,1
long beach shortbus,1
judy mowatt,1
low,1
nesian mystik,1
tropical depression,1
da brat,1
the radioactive sago project,1
indio i,1
majek fashek,1
elastica,1
newsong,1
pitch black,1
los pericos,1
blessid union of souls,1
delroy wilson,1
terry linen,1
brotha lynch hung,1
selena,1
mikey spice,1
the rembrandts,1
soul for real,1
everton blender,1
five for fighting,1
admiral bailey,1
henace,1
lucy pearl,1
lambchop,1
rudy mills,1
rene liu,1
colin hay,1
wheatus,1
jill scott,1
everclear,1
jay chou,1
prince far 1,1
joe,1
augustus pablo,1
lee perry & the upsetters,1
the revolutionaries,1
marc anthony,1
smog,1
three plus,1
the reggae boys,1
cat power,1
glen adams,1
carl thomas,1
the comet is coming,1
potatohead people,1
shafiq husayn,1
saves the day,1
eric morris,1
don drummond,1
secret garden,1
craig david,1
alien ant farm,1
rivermaya,1
pandora,1
the avalanches,1
3lw,1
tommy mccook,1
sr-71,1
filter,1
case,1
thriller u,1
leif garrett,1
natalie imbruglia,1
anthony johnson,1
david gray,1
des'ree,1
new age steppers,1
silkk the shocker,1
whispering lion,1
reggae regular,1
vertical horizon,1
duster,1
semisonic,1
swingin' utters,1
the bobby fuller four,1
total,1
junior delgado,1
grandaddy,1
jimmy riley,1
bim sherman,1
triston palma,1
nicole,1
the magnetic fields,1
justin hinds & the dominoes,1
i-roy,1
vitamin c,1
citizen king,1
luciano pavarotti,1
the lillingtons,1
hugh mundell,1
nada surf,1
beanie sigel,1
lit,1
broadcast,1
baccara,1
marvelous 3,1
less than jake,1
frankie j,1
kim waters,1
lily allen,1
44,1
holly cole,1
eddie calvert,1
scissor sisters,1
kenny dorham,1
the brecker brothers,1
rachelle ferrell,1
galliano,1
curtis fuller,1
mark o'connor,1
brass construction,1
matchbook romance,1
rick ross,1
dj krush,1
ben tankard,1
mother earth,1
kruder & dorfmeister,1
cartel,1
kenny kirkland,1
jordin sparks,1
beirut,1
j. holiday,1
bix beiderbecke,1
secondhand serenade,1
branford marsalis,1
cano estremera,1
the last goodnight,1
missy higgins,1
alex bugnon,1
pretty ricky,1
rahsaan roland kirk,1
acoustic alchemy,1
nocturnus,1
red garland trio,1
kid ory,1
sonora ponceña,1
les mccann,1
alain caron,1
september,1
letoya,1
huey,1
gotye,1
anti-flag,1
alvino rey,1
"johnny ""hammond"" smith",1
poncho sanchez,1
michael wong,1
sister hazel,1
freestyle fellowship,1
"tito ""el bambino""",1
biosphere,1
gato barbieri,1
bob berg,1
voxtrot,1
benny goodman trio,1
moodymann,1
quietdrive,1
petey pablo,1
mark whitfield,1
lisa ekdahl,1
nelly furtado,1
cute is what we aim for,1
luis arcaraz y su orquesta,1
fred ho,1
the red jumpsuit apparatus,1
alexi murdoch,1
edge of sanity,1
michel camilo,1
the icicle works,1
jestofunk,1
blue mitchell,1
jan garbarek,1
lennie tristano,1
this providence,1
thom yorke,1
deer tick,1
julian dash,1
silverstein,1
hellogoodbye,1
tarika blue,1
return to forever,1
ebo taylor,1
idris muhammad,1
danity kane,1
azymuth,1
carolina liar,1
the academy is...,1
tito rodriguez,1
"sergio vega ""el shaka""",1
buddy rich,1
david cook,1
steve howe,1
johnny pacheco,1
joanne brackeen,1
gary bartz,1
ashley tisdale,1
kolohe kai,1
asha puthli,1
ned doheny,1
leroy hutson,1
schuyler fisk,1
warpaint,1
rick wakeman,1
bobby hutcherson,1
noah and the whale,1
fania all stars,1
metric,1
don cherry,1
keri hilson,1
a rocket to the moon,1
fever ray,1
bibio,1
freddy cole,1
henri texier,1
kaskade,1
tom browne,1
metro station,1
leona lewis,1
uzeb,1
ray vega,1
timbaland,1
lenny breau,1
glen hansard,1
kalimba,1
george howard,1
marvin santiago,1
2 pistols,1
ray brown trio,1
m.i.a.,1
the-dream,1
lyle mays,1
blue foundation,1
the bird and the bee,1
wes montgomery trio,1
mezzoforte,1
shankar,1
jon mclaughlin,1
dan siegel,1
steve swallow,1
webbie,1
ernestine anderson,1
harvey mason,1
eric hutchinson,1
bernard wright,1
herb alpert,1
pleasure,1
empire of the sun,1
paper lace,1
al di meola,1
scouting for girls,1
rich boy,1
mims,1
barney kessel,1
pat metheny,1
nite flyte,1
american hi-fi,1
the bamboos,1
the knife,1
marc moulin,1
jojo effect,1
malene mortensen,1
scott grooves,1
radio citizen,1
medeski scofield martin & wood,1
lollo meier,1
the juju orchestra,1
pacha massive,1
ike quebec,1
nils landgren funk unit,1
nick cannon,1
eric marienthal,1
girls aloud,1
abbey lincoln,1
alif tree,1
naoki kenji,1
baby bash,1
visioneers,1
robert glasper,1
sola rosa,1
brother ali,1
tv on the radio,1
no blues,1
tito nieves,1
the postal service,1
darondo,1
yeah yeah yeahs,1
euge groove,1
walter beasley,1
murphy lee,1
kelis,1
cyne,1
moka only,1
bob baldwin,1
gypsy swing revue,1
sunn 0))),1
zuco 103,1
gail jhonson,1
sophie milman,1
the rippingtons,1
georgia anne muldrow,1
ancient astronauts,1
jessy j,1
susan wong,1
lack of afro,1
paul brown,1
darren rahn,1
nekta,1
benny berigan,1
dirty honkers,1
cursive,1
christian scott atunde adjuah,1
shigeto,1
eric darius,1
origin,1
nicola conte,1
brenda boykin,1
jane monheit,1
saint privat,1
rodney hunter,1
jessica simpson,1
jackiem joyner,1
gary smith,1
the format,1
alfonso ponticelli,1
sinne eeg,1
sweet trip,1
susie arioli,1
ethel waters,1
the ataris,1
club des belugas,1
paolo fresu,1
yonderboi,1
ann hampton callaway,1
the mountain goats,1
sleepytime gorilla museum,1
raheem devaughn,1
guru's jazzmatazz,1
gotan project,1
keiko matsui,1
quantic,1
jimmy sommers,1
orbient,1
kurt elling,1
monte la rue,1
kankick,1
la sonora matancera,1
"orlando ""cachaíto"" lópez",1
ronny jordan,1
major boys,1
jazzanova,1
hippiehaus,1
wolf parade,1
the mighty bop,1
club 1600,1
dzihan & kamien,1
mulatu astatke,1
kashif,1
fletcher henderson,1
imogen heap,1
o.a.r.,1
anberlin,1
justice system,1
aim,1
esbjörn svensson trio,1
james blunt,1
norman brown,1
sven van hees,1
jimmy scott,1
anna nalick,1
dj food,1
nils landgren,1
georg levin,1
karin krog,1
sporto kantès,1
straylight run,1
richard bona,1
the rh factor,1
tord gustavsen trio,1
regina carter,1
mark rae,1
quo vadis,1
amp fiddler,1
xploding plastix,1
bunk johnson,1
candiria,1
brad mehldau trio,1
anthony wonsey trio,1
susumu yokota,1
fennesz,1
emanon,1
of montreal,1
son boricua,1
fantasia,1
animal collective,1
pain of salvation,1
cæcilie norby,1
minus 8,1
jazzamor,1
michael manson,1
tony allen,1
raven-symoné,1
louie austen,1
sikth,1
midtown,1
keith jarrett trio,1
stigmato inc,1
plej,1
slow train soul,1
oi va voi,1
$uicideboy$,1